<?xml version="1.0"?>
<node>
  <interface name="org.freedesktop.DBus.Properties">
    <method name="Get">
      <arg type="s" name="interface_name" direction="in"/>
      <arg type="s" name="property_name" direction="in"/>
      <arg type="v" name="value" direction="out"/>
    </method>
  </interface>
  <interface name="org.mpris.MediaPlayer2.Player">
    <method name="SetPosition">
      <arg type="o" name="TrackId" direction="in"/>
      <arg type="x" name="Position" direction="in"/>
    </method>
  </interface>
</node>
